series_id,video_display_order,video_title,video_description
1,1,Exploring the Digital Underworld: Understanding Cybersecurity and Crime,"In this video, we explore the world of digital crime and cybersecurity, focusing on the risks and challenges posed by illegal activities online. We take a deeper look at the technology behind crime, discussing how criminals adapt to the digital age and the efforts to combat cybercrime. This episode aims to inform and raise awareness about the importance of security in the modern world, shedding light on the dark side of the internet while emphasizing the need for vigilance and protection."
1,5,Understanding Cybercrime and Security,"In this episode, we dive into the world of cybercrime and the challenges posed by illegal digital networks. We examine the hidden aspects of the dark web, the technology behind encrypted transactions, and the ongoing efforts to fight cybercrime. This video provides an in-depth look at the digital underworld while emphasizing the importance of cybersecurity and the fight against organized crime online."
3,1,Exploring the Heart of Mumbai: A Journey Through Its Bustling Streets,"In this video, we navigate through one of Mumbai’s busiest intersections, experiencing the vibrant and chaotic energy of daily life in the city. From the constant hustle of traffic to the resilience of its people, this journey offers a raw, unfiltered look at how Mumbai’s residents adapt to the fast-paced environment. We take a deeper dive into the urban dynamics that shape one of the world’s most populous and bustling cities, showcasing both its challenges and its unique spirit."
3,3,Life in Mumbai’s Slums: A Barber’s Story of Resilience and Hope,"Lets take a closer look at life in the slums of Mumbai, focusing on the resilience and determination of the people who call these neighborhoods home. Through a conversation with a local barber, we explore his dreams of building a better life while navigating the challenges of living in one of the world’s most crowded cities. This video offers an inspiring glimpse into the everyday hustle, the community spirit, and the efforts to overcome adversity in the face of tough circumstances."
3,8,Understanding Poverty and Survival: A Glimpse into Life on the Streets of India,"In this video, we walk through the streets of India, gaining insight into the challenges faced by people living in poverty. We explore the resilience and perseverance of individuals who rely on begging to survive, providing a thoughtful look at the realities of life on the streets. This video encourages reflection on the complex issues surrounding poverty and survival, with a focus on humanity and compassion."
3,10,Exploring the Spiritual Journey: My Unexpected Experience with Hinduism,"In this video, I take an unexpected journey into Hinduism, exploring its rich culture and spiritual practices. Through raw encounters and real interactions, I gain a deeper understanding of the faith and the traditions that shape it. This video offers a respectful look into the spiritual aspects of Hinduism and the lessons learned from embracing different belief systems."
4,1,Exploring Cracolândia: A Glimpse Into Life in São Paulo’s Most Challenging Neighborhood,"In this video, we explore Cracolândia, a neighborhood in São Paulo known for its complex social and economic challenges. This journey highlights the resilience and determination of the people living there, shedding light on the efforts to overcome addiction, poverty, and hardship. Through honest and respectful storytelling, we aim to raise awareness about the struggles faced by those in vulnerable communities while focusing on hope, recovery, and the strength to survive."
4,2,Exploring Cracolândia: A Deeper Look into São Paulo’s Challenges and Resilience,"In this extended cut, we take a closer look at Cracolândia, a neighborhood in São Paulo where residents face significant challenges, including addiction and poverty. This video highlights the resilience and strength of the people who live in this complex environment, shedding light on their efforts to navigate daily life while addressing the need for support and recovery. Through honest and respectful storytelling, we explore the human side of this community and the ongoing efforts to create positive change."
4,5,Exploring the Beauty of Santa Catarina: A Fresh Perspective on Brazil,"In this video, we explore the peaceful beauty of Santa Catarina, a region in Brazil known for its stunning landscapes and calm streets. This vlog offers a unique perspective on life in this part of Brazil, highlighting the tranquility and charm of the area. We take a deeper look at the people, culture, and lifestyle of Santa Catarina, showing the diversity within the country and celebrating the beauty of Brazil beyond the more commonly known regions."
