folder_name,file_name,generated_conversions,video_title,video_description
12,673fa2d6ea53f_video.webm,"{""480"":true,""720"":true,""1080"":true}",Exploring the Intensity of São Paulo’s Pool Culture: A Game of Skill and Strategy,"In São Paulo, pool is more than just a game—it’s an intense display of strategy, skill, and pride. Watch as players face off in a high-stakes match where every shot matters, and reputation is on the line. This is a raw, unfiltered look at the competitive spirit that drives this local community, where every turn is a test of nerves and expertise. Get ready for a deep dive into one of São Paulo’s most passionate and culturally rich environments."
16,673fa37257b8f_video.webm,"{""480"":true,""720"":true,""1080"":true}",Understanding Relationship Dynamics in Brazil: A Cultural Exploration,"In Brazil, relationships are more than just romantic connections—they are shaped by deep cultural traditions, expectations, and unspoken codes. Join me as I explore how timing, respect, and patience play a pivotal role in the way love and friendship unfold in this vibrant society. This video takes a closer look at the nuances of relationships in Brazil, offering a deeper understanding of how cultural values influence interactions and personal connections."
18,673fa3af9dafe_video.webm,"{""480"":true,""720"":true,""1080"":true}",Exploring Makoko: A Boat Tour Through Nigeria’s Floating Community,"Makoko, one of Nigeria’s most unique communities, is a floating settlement built on water. On this boat tour, we explore the innovative ways residents have adapted to life on the water, creating homes and businesses in an environment that challenges conventional living. This video offers an unfiltered look at the resilience and creativity of the people who call Makoko home, highlighting their resourcefulness in overcoming adversity and building a life in one of the world’s most extraordinary communities."
26,673fa4921fca1_video.webm,"{""480"":true,""720"":true,""1080"":true}",Exploring Casablanca: A Deep Dive into Morocco’s Vibrant Culture and Hidden Realities,"Casablanca is a city of contrasts, where rich culture and history coexist with the challenges of urban life. In this video, I take a walk through the streets of this iconic city, uncovering the stories and experiences of locals who navigate its complexities. From bustling markets to quiet alleyways, we explore the layers of Casablanca, gaining insight into the realities of life in one of Morocco's most dynamic cities. This is a chance to see Casablanca beyond the surface, highlighting both its beauty and the resilience of its people."
34,673fa5cac887d_video.webm,"{""480"":true,""720"":true}",Exploring Marrakech: A Journey Through Morocco’s Vibrant Culture and Streets,"Marrakech is a city where the past and present collide, with vibrant colors, sounds, and energy that capture the essence of Morocco. Join me and Sneako as we walk through the bustling streets, discovering the traditions, culture, and stories that shape this remarkable city. From the markets to the neighborhoods, we dive deep into Marrakech’s unique rhythm, offering an unfiltered look at how life unfolds in one of Morocco's most captivating cities."
36,673fa606c7403_video.webm,"{""480"":true,""720"":true,""1080"":true}","Exploring France, Monaco, and Italy: A Cultural Journey Across Three Countries","Join me and Amanda as we embark on an unforgettable journey across three of Europe’s most iconic destinations—France, Monaco, and Italy. From the elegance of Monaco to the coastal beauty of Italy, we explore the unique culture, history, and charm that each place has to offer. This video captures the essence of these vibrant countries, showing you how their individual personalities come to life in just one exciting day of travel."
97,67406a950f729_video.webm,[],"Exploring the Hidden Beauty of Santa Catarina, Brazil: A Fresh Perspective","Join me as I explore Santa Catarina, Brazil—a region known for its stunning landscapes and peaceful streets. In this vlog, we uncover the beauty and culture of a part of Brazil often overlooked by tourists. From its serene environment to the unique charm of its communities, this video offers a fresh perspective on life in this picturesque corner of Brazil. It’s a journey through a side of Brazil that’s both tranquil and full of surprises."
105,67406cab1058d_video.webm,[],Exploring the Spirit of Texas: A Journey Through Its Rugged Landscape and Culture,"Join me as I travel through the vast and rugged landscapes of Texas, where wide-open spaces meet a culture built on resilience, survival, and a deep connection to the land. This video offers a close-up look at the untamed beauty of Texas, highlighting the strong, hardworking people who call this environment home. Experience the authentic spirit of Texas, from its natural beauty to the values that shape the way of life here."
117,674070dde5c1e_video.webm,[],"Exploring Jamaican Rasta Culture: A Journey Into Unity, Peace, and Strength","Join me as I immerse myself in the rich traditions of Jamaican Rasta culture, from the rhythms of reggae to the profound philosophies of Rastafari. This video offers a deep dive into the principles of unity, peace, and strength that define this way of life. Through authentic experiences and insights, I explore how the Rasta lifestyle influences Jamaican culture and offers a unique perspective on community and spiritual growth."
123,674072670f58a_video.webm,[],Surviving Hostage Situations: Insights from a Negotiator’s Perspective,"Seventeen days kidnapped in Haiti—a reality that most can’t imagine, but one that reveals the raw and terrifying side of survival. In this interview, I dive deep with the negotiator who worked to secure my release, uncovering the intense world of hostage situations, high-stakes negotiations, and life on the line. Every moment felt like a lifetime, each decision carrying unimaginable weight. This is a story of resilience, fear, and the lengths people go to in a world where trust is scarce and survival is everything."
135,674076027e780_video.webm,[],Exploring the Smuggling Networks and Communities in the Dominican Republic,"In this video, we take a closer look at the smuggling networks in the Dominican Republic, focusing on their impact on local communities. We explore how people in the region navigate the challenges of survival and how the underground economy shapes everyday life. This journey also highlights the resilience and resourcefulness of the people living in these tough environments, providing a deeper understanding of how communities adapt to adversity."
141,674077bee207a_video.webm,[],Skydiving w/Luke Belmar – FILTHY RICH #2,"Jumping out of a plane with Luke Belmar, we took on skydiving as more than just an adrenaline rush—it’s a test of guts and mindset. This isn’t just about the thrill; it’s about pushing limits, taking risks, and experiencing the freedom that comes from diving headfirst into the unknown. Being up there, freefalling, is like facing any high-stakes decision where you either go all in or don’t go at all. With Luke by my side, this jump wasn’t just an adventure—it was a lesson in living life on the edge."
143,674078cd58e19_video.webm,[],Exploring the Intensity of High-Speed Racing: The World’s Most Challenging Racetrack,"Join me as we explore one of the world’s most intense and challenging racetracks, where skill, focus, and precision are key to navigating the high-speed turns. This video takes you behind the scenes to witness the thrill and strategy involved in racing at one of the most demanding circuits in the world. Experience the adrenaline and dedication of the drivers who push their limits in a sport that tests both their abilities and courage."
151,67407b432e5ef_video.webm,[],Exploring Conflict Zones: A Journey of Resilience and Survival with Sneako,"Join me and Sneako as we travel through one of the world’s most volatile regions, learning about the resilience and strength of the people living in conflict zones. This video focuses on the human spirit in the face of adversity, showcasing the everyday survival strategies and the unshakable will of those who endure such challenges. It’s an eye-opening look into the realities of life in a conflict zone, emphasizing the importance of empathy, resilience, and community."
153,67407b849021f_video.webm,[],Exploring Cova de Moura: A Journey Through One of Portugal’s Most Resilient Neighborhoods,"Join me and Sneako as we visit Cova de Moura, a neighborhood in Portugal known for its rich history and the strength of its community. In this video, we explore the challenges faced by the residents, highlighting their resilience, resourcefulness, and the strong sense of unity that binds the community. Through this journey, we aim to understand the realities of life in a tough area while focusing on the positive aspects of community spirit and survival."
163,67407f21ad8a0_video.webm,[],Exploring Hidden Knowledge and Power Structures: A Critical Examination,"In this video, we explore the concept of hidden knowledge and the impact of power structures on society. From ancient secrets to modern systems, we dive into the ways that information is often controlled and shaped by those in positions of influence. This exploration offers a thoughtful analysis of how power dynamics work, providing insight into the forces that influence decisions and shape global events, without relying on unfounded claims or conspiracy theories."
169,67408036de89a_video.webm,[],Exploring the Impact of Organized Groups in Taiwan: A Cultural Insight,"In this video, I take a closer look at the influence of organized groups in Taiwan, exploring the challenges and experiences of living in areas where such groups have an impact. We meet with locals to understand how they navigate life in these communities, focusing on resilience, adaptability, and the efforts to combat crime and maintain peace. This journey provides valuable insight into how organized groups shape the daily lives of people and the ongoing efforts to build safer communities."
383,6741ca70c67c6_video.webm,[],Surviving Hostage Situations: Insights from a Negotiator’s Perspective,"Seventeen days kidnapped in Haiti—a reality that most can’t imagine, but one that reveals the raw and terrifying side of survival. In this interview, I dive deep with the negotiator who worked to secure my release, uncovering the intense world of hostage situations, high-stakes negotiations, and life on the line. Every moment felt like a lifetime, each decision carrying unimaginable weight. This is a story of resilience, fear, and the lengths people go to in a world where trust is scarce and survival is everything."
429,6741d9334dbf5_video.webm,[],"Exploring the Hidden Beauty of Santa Catarina, Brazil: A Fresh Perspective","Join me as I explore Santa Catarina, Brazil—a region known for its stunning landscapes and peaceful streets. In this vlog, we uncover the beauty and culture of a part of Brazil often overlooked by tourists. From its serene environment to the unique charm of its communities, this video offers a fresh perspective on life in this picturesque corner of Brazil. It’s a journey through a side of Brazil that’s both tranquil and full of surprises."